@timestamp,user_id,audio_bytesReceived,audio_packetsReceived,audio_packetsLost,audio_jitter,video_bytesReceived,video_packetsReceived,video_packetsLost,video_jitter,video_framesDecoded,video_nackCount,video_firCount,video_pliCount
2023-05-16 00:26:47.680000+00:00,User2,65502,844,0,0.01,3009506,2728,0,0.01901111111111111,322,0,0,0
2023-05-16 00:26:48.133000+00:00,User1,65426,846,0,0.012,3047627,2771,0,0.024444444444444446,313,0,0,0
2023-05-16 00:26:50.691000+00:00,User2,77204,994,0,0.01,3756816,3413,0,0.021333333333333333,412,0,0,0
2023-05-16 00:26:51.133000+00:00,User1,76978,995,0,0.013,3686347,3363,0,0.019733333333333332,403,0,0,0
2023-05-16 00:26:53.684000+00:00,User2,89296,1144,0,0.01,4199549,3841,0,0.015577777777777777,501,0,0,0
2023-05-16 00:26:54.133000+00:00,User1,89098,1145,0,0.01,4139371,3799,0,0.019188888888888887,493,0,0,0
2023-05-16 00:26:56.684000+00:00,User2,100915,1294,0,0.015,4999195,4569,0,0.020177777777777777,591,0,0,0
2023-05-16 00:26:57.133000+00:00,User1,100719,1296,0,0.011,4923709,4512,0,0.020633333333333333,583,0,0,0
2023-05-16 00:26:59.684000+00:00,User2,112495,1444,0,0.012,5729063,5237,0,0.02022222222222222,681,0,0,0
2023-05-16 00:27:00.134000+00:00,User1,112260,1446,0,0.01,5667803,5188,0,0.0202,673,0,0,0
2023-05-16 00:27:02.701000+00:00,User2,123739,1595,0,0.011,6487912,5927,0,0.020511111111111112,771,0,0,0
2023-05-16 00:27:03.261000+00:00,User1,123316,1594,0,0.013,6318501,5783,0,0.03112222222222222,750,0,0,0
2023-05-16 00:27:05.694000+00:00,User2,135237,1744,0,0.009,7165585,6545,0,0.025866666666666666,841,0,0,0
2023-05-16 00:27:06.143000+00:00,User1,134850,1744,0,0.012,7124843,6514,0,0.024144444444444444,837,0,0,0
2023-05-16 00:27:08.695000+00:00,User2,146834,1894,0,0.009,7842840,7167,0,0.009444444444444445,930,0,0,0
2023-05-16 00:27:09.146000+00:00,User1,146554,1894,0,0.011,7736823,7081,0,0.010433333333333333,925,0,0,0
2023-05-16 00:27:11.696000+00:00,User2,158727,2043,0,0.008,8373842,7670,0,0.018566666666666665,1019,0,0,0
2023-05-16 00:27:12.143000+00:00,User1,158305,2043,0,0.01,8349572,7656,0,0.01988888888888889,1014,0,0,0
2023-05-16 00:27:14.700000+00:00,User2,170427,2192,0,0.007,9157604,8384,0,0.0158,1108,0,0,0
2023-05-16 00:27:15.149000+00:00,User1,169949,2193,0,0.009,9110797,8350,0,0.019233333333333335,1104,0,0,0
2023-05-16 00:27:17.700000+00:00,User2,182208,2343,0,0.009,9899110,9059,0,0.019166666666666665,1200,0,0,0
2023-05-16 00:27:18.146000+00:00,User1,181678,2343,0,0.009,9855573,9032,0,0.01818888888888889,1194,0,0,0
2023-05-16 00:27:20.700000+00:00,User2,193573,2493,0,0.01,10649281,9746,0,0.017177777777777778,1290,0,0,0
2023-05-16 00:27:21.149000+00:00,User1,193063,2493,0,0.01,10594548,9712,0,0.017644444444444445,1283,0,0,0
2023-05-16 00:27:23.700000+00:00,User2,205330,2643,0,0.013,11394491,10428,0,0.0183,1378,0,0,0
2023-05-16 00:27:24.152000+00:00,User1,204948,2644,0,0.008,11345423,10397,0,0.020122222222222222,1371,0,0,0
2023-05-16 00:27:26.705000+00:00,User2,217265,2793,0,0.013,11921271,10928,0,0.010311111111111111,1467,0,0,0
2023-05-16 00:27:27.150000+00:00,User1,217126,2795,0,0.01,11807324,10844,0,0.011666666666666667,1459,0,0,0
2023-05-16 00:27:29.708000+00:00,User2,229071,2943,0,0.01,12617688,11568,0,0.01978888888888889,1557,0,0,0
2023-05-16 00:27:30.153000+00:00,User1,228705,2944,0,0.009,12586245,11557,0,0.021766666666666667,1549,0,0,0
2023-05-16 00:27:32.711000+00:00,User2,240682,3093,0,0.009,13373165,12257,0,0.019166666666666665,1647,0,0,0
2023-05-16 00:27:33.150000+00:00,User1,240280,3094,0,0.011,13307550,12215,0,0.018155555555555557,1640,0,0,0
2023-05-16 00:27:35.712000+00:00,User2,251930,3243,0,0.008,14116688,12937,0,0.017744444444444445,1737,0,0,0
2023-05-16 00:27:36.151000+00:00,User1,251392,3245,0,0.013,14062921,12903,0,0.018155555555555557,1729,0,0,0
2023-05-16 00:27:38.709000+00:00,User2,263419,3392,0,0.008,14874411,13629,0,0.018266666666666667,1827,0,0,0
2023-05-16 00:27:39.152000+00:00,User1,263181,3395,0,0.014,14816962,13593,0,0.018755555555555557,1820,0,0,0
2023-05-16 00:27:41.711000+00:00,User2,275186,3543,0,0.009,15627620,14314,0,0.01928888888888889,1917,0,0,0
2023-05-16 00:27:42.151000+00:00,User1,274902,3545,0,0.008,15561869,14275,0,0.017855555555555555,1910,0,0,0
2023-05-16 00:27:44.714000+00:00,User2,287211,3693,0,0.011,16064692,14741,0,0.01441111111111111,2006,0,0,0
2023-05-16 00:27:45.157000+00:00,User1,286890,3694,0,0.012,16005796,14704,0,0.0168,1998,0,0,0
2023-05-16 00:27:47.711000+00:00,User2,298637,3843,0,0.009,16785095,15399,0,0.02218888888888889,2086,0,0,0
2023-05-16 00:27:48.152000+00:00,User1,298442,3844,0,0.013,16796942,15426,0,0.01867777777777778,2089,0,0,0
2023-05-16 00:27:50.712000+00:00,User2,310210,3993,0,0.01,17596842,16136,0,0.019155555555555554,2176,0,0,0
2023-05-16 00:27:51.153000+00:00,User1,310001,3994,0,0.011,17535562,16099,0,0.019144444444444443,2178,0,0,0
2023-05-16 00:27:53.710000+00:00,User2,321344,4143,0,0.009,18313238,16795,0,0.017722222222222223,2266,0,0,0
2023-05-16 00:27:54.152000+00:00,User1,321287,4145,0,0.01,18286946,16788,0,0.017955555555555554,2269,0,0,0
2023-05-16 00:27:56.712000+00:00,User2,332943,4293,0,0.009,19046769,17462,0,0.0198,2356,0,0,0
2023-05-16 00:27:57.153000+00:00,User1,332921,4295,0,0.01,19043082,17480,0,0.018322222222222222,2359,0,0,0
2023-05-16 00:27:59.713000+00:00,User2,344519,4443,0,0.008,19697071,18063,0,0.010166666666666666,2446,0,0,0
2023-05-16 00:28:00.165000+00:00,User1,344619,4444,0,0.013,19632343,18029,0,0.011911111111111112,2449,0,0,0
2023-05-16 00:28:02.736000+00:00,User2,356671,4594,0,0.012,20222020,18553,0,0.024155555555555555,2530,0,0,0
2023-05-16 00:28:03.166000+00:00,User1,356176,4587,0,0.012,20022805,18397,0,0.036533333333333334,2510,0,0,0
2023-05-16 00:28:05.720000+00:00,User2,368240,4743,0,0.009,21007306,19266,0,0.020411111111111113,2619,0,0,0
2023-05-16 00:28:06.168000+00:00,User1,367689,4737,0,0.009,21034767,19309,0,0.021755555555555556,2596,0,0,0
2023-05-16 00:28:08.720000+00:00,User2,379765,4894,0,0.01,21724732,19920,0,0.021233333333333333,2705,0,0,0
2023-05-16 00:28:09.166000+00:00,User1,379410,4888,0,0.01,21652338,19882,0,0.01338888888888889,2686,0,0,0
2023-05-16 00:28:11.720000+00:00,User2,391029,5044,0,0.009,22514141,20642,0,0.019866666666666668,2795,0,0,0
2023-05-16 00:28:12.167000+00:00,User1,390578,5037,0,0.009,22366869,20539,0,0.016444444444444446,2776,0,0,0
2023-05-16 00:28:14.720000+00:00,User2,402689,5194,0,0.009,23254938,21318,0,0.018877777777777778,2883,0,0,0
2023-05-16 00:28:15.166000+00:00,User1,402207,5186,0,0.009,23118521,21227,0,0.017544444444444446,2865,0,0,0
2023-05-16 00:28:17.720000+00:00,User2,414604,5344,0,0.008,23760769,21802,0,0.0092,2973,0,0,0
2023-05-16 00:28:18.171000+00:00,User1,414154,5335,0,0.01,23569466,21658,0,0.010122222222222222,2954,0,0,0
2023-05-16 00:28:20.720000+00:00,User2,426250,5494,0,0.009,24466183,22449,0,0.0189,3062,0,0,0
2023-05-16 00:28:21.171000+00:00,User1,425945,5487,0,0.009,24349989,22370,0,0.017722222222222223,3044,0,0,0
2023-05-16 00:28:23.720000+00:00,User2,437726,5643,0,0.01,25220549,23141,0,0.018977777777777777,3152,0,0,0
2023-05-16 00:28:24.176000+00:00,User1,437508,5636,0,0.009,25082283,23038,0,0.02021111111111111,3135,0,0,0
2023-05-16 00:28:26.722000+00:00,User2,448895,5793,0,0.014,25885359,23742,0,0.026355555555555556,3231,0,0,0
2023-05-16 00:28:27.172000+00:00,User1,448455,5785,0,0.009,25783161,23676,0,0.019666666666666666,3219,0,0,0
2023-05-16 00:28:29.720000+00:00,User2,460492,5943,0,0.011,26580748,24368,0,0.03266666666666666,3300,0,0,0
2023-05-16 00:28:30.173000+00:00,User1,460304,5936,0,0.011,26538138,24363,0,0.021244444444444444,3299,0,0,0
2023-05-16 00:28:32.725000+00:00,User2,472035,6091,0,0.016,27311680,25027,0,0.04042222222222222,3369,0,0,0
2023-05-16 00:28:33.171000+00:00,User1,471984,6086,0,0.013,27262930,25026,0,0.020188888888888888,3381,0,0,0
2023-05-16 00:28:35.722000+00:00,User2,483967,6241,0,0.013,27707614,25406,0,0.021533333333333335,3437,0,0,0
2023-05-16 00:28:36.173000+00:00,User1,484116,6237,0,0.013,27704679,25454,0,0.018044444444444443,3469,0,0,0
2023-05-16 00:28:38.724000+00:00,User2,495433,6391,0,0.014,28486545,26108,0,0.03892222222222222,3508,0,0,0
2023-05-16 00:28:39.173000+00:00,User1,495510,6385,0,0.016,28437937,26123,0,0.02263333333333333,3547,0,0,0
2023-05-16 00:28:41.727000+00:00,User2,506268,6532,0,0.017,28899202,26479,0,0.07195555555555555,3546,0,0,0
2023-05-16 00:28:42.186000+00:00,User1,507149,6536,0,0.014,29205449,26822,0,0.021777777777777778,3630,0,0,0
2023-05-16 00:28:44.726000+00:00,User2,517426,6682,0,0.014,29344982,26871,0,0.05885555555555556,3572,0,0,0
2023-05-16 00:28:45.198000+00:00,User1,518191,6684,0,0.016,29953546,27508,0,0.026111111111111113,3712,0,0,0
2023-05-16 00:28:47.747000+00:00,User2,528349,6822,0,0.016,30084509,27528,0,0.03061111111111111,3617,0,0,0
2023-05-16 00:28:48.200000+00:00,User1,529656,6832,0,0.014,30639741,28138,0,0.031766666666666665,3789,0,0,0
2023-05-16 00:28:50.736000+00:00,User2,540011,6972,0,0.012,30727692,28110,0,0.02408888888888889,3687,0,0,0
2023-05-16 00:28:51.190000+00:00,User1,541048,6978,0,0.015,31274040,28727,0,0.017633333333333334,3879,0,0,0
2023-05-16 00:28:53.739000+00:00,User2,551977,7123,0,0.011,31100851,28451,0,0.024077777777777778,3731,0,0,0
2023-05-16 00:28:54.191000+00:00,User1,552461,7122,0,0.014,31813251,29222,0,0.03001111111111111,3954,0,0,0
2023-05-16 00:28:56.750000+00:00,User2,563643,7272,0,0.013,31839723,29104,0,0.03493333333333333,3775,0,0,0
2023-05-16 00:28:57.191000+00:00,User1,563126,7260,0,0.015,32427186,29774,0,0.042722222222222224,4005,0,0,0
2023-05-16 00:28:59.735000+00:00,User2,575255,7422,0,0.008,32483030,29673,0,0.03311111111111111,3820,0,0,0
2023-05-16 00:29:00.192000+00:00,User1,574704,7410,0,0.009,33392424,30642,0,0.018822222222222223,4094,0,0,0
2023-05-16 00:29:02.734000+00:00,User2,586222,7567,0,0.011,33125833,30247,0,0.03783333333333333,3863,0,0,0
2023-05-16 00:29:03.191000+00:00,User1,584841,7544,0,0.021,33950932,31161,0,0.041833333333333333,4172,0,0,0
2023-05-16 00:29:05.767000+00:00,User2,598132,7719,0,0.011,33799081,30843,0,0.0352,3907,0,0,0
2023-05-16 00:29:06.191000+00:00,User1,596357,7691,0,0.012,34425440,31592,0,0.03546666666666667,4215,0,0,0
2023-05-16 00:29:08.736000+00:00,User2,609996,7869,0,0.009,34196511,31205,0,0.012677777777777777,3952,0,0,0
2023-05-16 00:29:09.190000+00:00,User1,608213,7841,0,0.013,34716654,31863,0,0.013866666666666666,4259,0,0,0
2023-05-16 00:29:11.736000+00:00,User2,621677,8018,0,0.01,34712325,31665,0,0.024466666666666668,3996,0,0,0
2023-05-16 00:29:12.192000+00:00,User1,619721,7990,0,0.013,35320509,32399,0,0.026566666666666666,4304,0,0,0
2023-05-16 00:29:14.736000+00:00,User2,633251,8168,0,0.01,35527728,32386,0,0.03448888888888889,4041,0,0,0
2023-05-16 00:29:15.191000+00:00,User1,631371,8140,0,0.014,36247679,33219,0,0.02748888888888889,4359,0,0,0
2023-05-16 00:29:17.737000+00:00,User2,644471,8318,0,0.011,36225262,33004,0,0.028866666666666665,4087,0,0,0
2023-05-16 00:29:18.191000+00:00,User1,642439,8290,0,0.013,37027996,33930,0,0.013844444444444444,4448,0,0,0
2023-05-16 00:29:20.736000+00:00,User2,656024,8468,0,0.011,36875635,33582,0,0.03052222222222222,4132,0,0,0
2023-05-16 00:29:21.191000+00:00,User1,654336,8441,0,0.009,37622802,34480,0,0.018133333333333335,4537,0,0,0
2023-05-16 00:29:23.736000+00:00,User2,667854,8619,0,0.009,37539191,34170,0,0.028844444444444443,4177,0,0,0
2023-05-16 00:29:24.191000+00:00,User1,665977,8590,0,0.008,38327090,35130,0,0.015866666666666668,4623,0,0,0
2023-05-16 00:29:26.736000+00:00,User2,679803,8768,0,0.01,37811383,34426,0,0.014077777777777778,4220,0,0,0
2023-05-16 00:29:27.192000+00:00,User1,678028,8740,0,0.01,38789947,35574,0,0.015944444444444445,4712,0,0,0
2023-05-16 00:29:29.736000+00:00,User2,691405,8918,0,0.013,38503594,35040,0,0.03205555555555555,4266,0,0,0
2023-05-16 00:29:30.192000+00:00,User1,689604,8890,0,0.009,39584032,36304,0,0.015211111111111111,4802,0,0,0
2023-05-16 00:29:32.739000+00:00,User2,702942,9067,0,0.014,39208944,35668,0,0.0263,4311,0,0,0
2023-05-16 00:29:33.192000+00:00,User1,701198,9040,0,0.011,40314865,36971,0,0.017555555555555557,4892,0,0,0
2023-05-16 00:29:35.740000+00:00,User2,714199,9217,0,0.009,39885075,36271,0,0.031033333333333333,4356,0,0,0
2023-05-16 00:29:36.192000+00:00,User1,712528,9191,0,0.01,41065773,37659,0,0.016566666666666667,4982,0,0,0
2023-05-16 00:29:38.738000+00:00,User2,725781,9367,0,0.012,40512756,36831,0,0.028277777777777777,4401,0,0,0
2023-05-16 00:29:39.193000+00:00,User1,724062,9340,0,0.01,41818259,38346,0,0.016755555555555555,5072,0,0,0
2023-05-16 00:29:41.738000+00:00,User2,737388,9517,0,0.01,41060499,37320,0,0.02068888888888889,4446,0,0,0
2023-05-16 00:29:42.193000+00:00,User1,735802,9490,0,0.009,42400058,38892,0,0.009822222222222222,5162,0,0,0
2023-05-16 00:29:44.741000+00:00,User2,749582,9666,0,0.009,41540552,37760,0,0.023655555555555555,4499,0,0,0
2023-05-16 00:29:45.194000+00:00,User1,747864,9640,0,0.011,43024866,39474,0,0.0174,5252,0,0,0
2023-05-16 00:29:47.743000+00:00,User2,761570,9818,0,0.013,42365351,38512,0,0.012744444444444444,4589,0,0,0
2023-05-16 00:29:48.193000+00:00,User1,759398,9790,0,0.009,43791126,40174,0,0.0157,5342,0,0,0
2023-05-16 00:29:50.743000+00:00,User2,772924,9966,0,0.011,42947381,39053,0,0.014433333333333333,4679,0,0,0
2023-05-16 00:29:51.193000+00:00,User1,771081,9941,0,0.009,44541047,40856,0,0.016022222222222222,5432,0,0,0
2023-05-16 00:29:53.742000+00:00,User2,784325,10117,0,0.012,43696961,39740,0,0.016355555555555557,4768,0,0,0
2023-05-16 00:29:54.199000+00:00,User1,782423,10091,0,0.01,45290156,41543,0,0.014866666666666667,5522,0,0,0
2023-05-16 00:29:56.742000+00:00,User2,795913,10266,0,0.012,44450621,40425,0,0.0178,4858,0,0,0
2023-05-16 00:29:57.198000+00:00,User1,794066,10240,0,0.009,46046584,42232,0,0.01631111111111111,5612,0,0,0
2023-05-16 00:29:59.742000+00:00,User2,807823,10416,0,0.009,44957870,40910,0,0.013033333333333333,4948,0,0,0
2023-05-16 00:30:00.198000+00:00,User1,806111,10390,0,0.013,46494767,42666,0,0.01211111111111111,5701,0,0,0
2023-05-16 00:30:02.922000+00:00,User2,816667,10529,0,0.031,45338808,41262,0,0.061288888888888886,4994,0,0,0
2023-05-16 00:30:03.211000+00:00,User1,816265,10522,0,0.023,46932793,43067,0,0.08467777777777778,5749,0,0,0
2023-05-16 00:30:05.759000+00:00,User2,828419,10681,0,0.011,46298837,42110,0,0.038655555555555554,5051,0,0,0
2023-05-16 00:30:06.203000+00:00,User1,827883,10672,0,0.011,48006234,44024,0,0.02278888888888889,5828,0,0,0
2023-05-16 00:30:08.766000+00:00,User2,839692,10831,0,0.019,47163955,42895,0,0.02627777777777778,5139,0,0,0
2023-05-16 00:30:09.207000+00:00,User1,838033,10810,0,0.011,48503945,44475,0,0.040966666666666665,5883,0,0,0
2023-05-16 00:30:11.761000+00:00,User2,851151,10979,0,0.01,47553026,43254,0,0.021,5192,0,0,0
2023-05-16 00:30:12.203000+00:00,User1,849774,10960,0,0.011,49091791,44998,0,0.029166666666666667,5934,0,0,0
2023-05-16 00:30:14.761000+00:00,User2,862942,11129,0,0.011,48169544,43797,0,0.029877777777777777,5237,0,0,0
2023-05-16 00:30:15.207000+00:00,User1,861302,11108,0,0.009,49695954,45538,0,0.026244444444444445,5979,0,0,0
2023-05-16 00:30:17.764000+00:00,User2,874935,11279,0,0.009,48450775,44053,0,0.017777777777777778,5281,0,0,0
2023-05-16 00:30:18.204000+00:00,User1,873484,11260,0,0.01,50001326,45821,0,0.019211111111111113,6023,0,0,0
2023-05-16 00:30:20.764000+00:00,User2,886342,11427,0,0.012,49147224,44668,0,0.031066666666666666,5326,0,0,0
2023-05-16 00:30:21.204000+00:00,User1,885022,11410,0,0.009,50709864,46446,0,0.02951111111111111,6068,0,0,0
2023-05-16 00:30:23.764000+00:00,User2,898072,11578,0,0.015,49857379,45296,0,0.030366666666666667,5372,0,0,0
2023-05-16 00:30:24.209000+00:00,User1,896528,11559,0,0.01,51395397,47054,0,0.02492222222222222,6113,0,0,0
2023-05-16 00:30:26.765000+00:00,User2,909265,11728,0,0.01,50538084,45898,0,0.03001111111111111,5417,0,0,0
2023-05-16 00:30:27.209000+00:00,User1,907677,11708,0,0.009,52077306,47659,0,0.02602222222222222,6157,0,0,0
2023-05-16 00:30:29.770000+00:00,User2,920694,11876,0,0.011,51179257,46466,0,0.0281,5462,0,0,0
2023-05-16 00:30:30.208000+00:00,User1,919334,11859,0,0.008,52723385,48234,0,0.0264,6203,0,0,0
2023-05-16 00:30:32.769000+00:00,User2,932364,12026,0,0.01,51748915,46976,0,0.020722222222222222,5506,0,0,0
2023-05-16 00:30:33.209000+00:00,User1,931152,12009,0,0.011,53210055,48671,0,0.014666666666666666,6248,0,0,0
2023-05-16 00:30:35.769000+00:00,User2,944749,12176,0,0.01,52139026,47333,0,0.024766666666666666,5550,0,0,0
2023-05-16 00:30:36.222000+00:00,User1,942962,12159,0,0.009,53651077,49070,0,0.022266666666666667,6291,0,0,0
2023-05-16 00:30:38.769000+00:00,User2,956541,12327,0,0.009,52897311,48003,0,0.03487777777777778,5595,0,0,0
2023-05-16 00:30:39.217000+00:00,User1,954671,12310,0,0.01,54442476,49768,0,0.033022222222222224,6337,0,0,0
2023-05-16 00:30:41.769000+00:00,User2,967874,12476,0,0.009,53552419,48583,0,0.027422222222222223,5640,0,0,0
2023-05-16 00:30:42.215000+00:00,User1,966262,12459,0,0.011,55075950,50332,0,0.02521111111111111,6382,0,0,0
2023-05-16 00:30:44.770000+00:00,User2,979160,12626,0,0.009,54227558,49182,0,0.02921111111111111,5685,0,0,0
2023-05-16 00:30:45.231000+00:00,User1,977729,12610,0,0.013,55743400,50924,0,0.028433333333333335,6426,0,0,0
2023-05-16 00:30:47.771000+00:00,User2,990843,12776,0,0.009,54891602,49771,0,0.029744444444444445,5729,0,0,0
2023-05-16 00:30:48.226000+00:00,User1,989530,12760,0,0.009,56403746,51512,0,0.02738888888888889,6472,0,0,0
2023-05-16 00:30:50.769000+00:00,User2,1002765,12926,0,0.009,55286163,50128,0,0.013922222222222223,5774,0,0,0
2023-05-16 00:30:51.265000+00:00,User1,1001665,12912,0,0.01,56717136,51796,0,0.01078888888888889,6516,0,0,0
2023-05-16 00:30:53.770000+00:00,User2,1014505,13076,0,0.01,55800553,50586,0,0.027088888888888888,5818,0,0,0
2023-05-16 00:30:54.298000+00:00,User1,1013247,13061,0,0.015,57323749,52336,0,0.022755555555555557,6560,0,0,0
2023-05-16 00:30:56.771000+00:00,User2,1025612,13219,0,0.012,56564991,51258,0,0.036588888888888886,5858,0,0,0
2023-05-16 00:30:57.234000+00:00,User1,1025008,13210,0,0.009,58091322,53014,0,0.026344444444444445,6606,0,0,0
2023-05-16 00:30:59.776000+00:00,User2,1036906,13369,0,0.01,57223218,51844,0,0.02908888888888889,5903,0,0,0
2023-05-16 00:31:00.238000+00:00,User1,1036342,13360,0,0.011,58730388,53581,0,0.029177777777777778,6650,0,0,0
2023-05-16 00:31:02.781000+00:00,User2,1048454,13518,0,0.013,57887630,52434,0,0.03314444444444444,5947,0,0,0
2023-05-16 00:31:03.241000+00:00,User1,1047492,13501,0,0.024,59323097,54108,0,0.04752222222222222,6690,0,0,0
2023-05-16 00:31:05.787000+00:00,User2,1060143,13667,0,0.011,58547397,53021,0,0.03431111111111111,5992,0,0,0
2023-05-16 00:31:06.243000+00:00,User1,1059151,13649,0,0.012,59934374,54652,0,0.034522222222222225,6731,0,0,0
2023-05-16 00:31:08.776000+00:00,User2,1071471,13811,0,0.012,58810967,53265,0,0.016644444444444444,6035,0,0,0
2023-05-16 00:31:09.243000+00:00,User1,1070964,13798,0,0.018,60232759,54929,0,0.02298888888888889,6774,0,0,0
2023-05-16 00:31:11.776000+00:00,User2,1083177,13962,0,0.01,59442203,53823,0,0.0346,6076,0,0,0
2023-05-16 00:31:12.249000+00:00,User1,1082825,13949,0,0.011,60935749,55550,0,0.030577777777777777,6821,0,0,0
2023-05-16 00:31:14.782000+00:00,User2,1094164,14103,0,0.013,60155878,54453,0,0.05954444444444444,6113,0,0,0
2023-05-16 00:31:15.451000+00:00,User1,1094060,14092,0,0.011,61597915,56140,0,0.028255555555555555,6863,0,0,0
2023-05-16 00:31:17.780000+00:00,User2,1105049,14248,0,0.009,60801678,55025,0,0.03875555555555556,6154,0,0,0
2023-05-16 00:31:18.249000+00:00,User1,1105946,14247,2,0.01,62314999,56775,4,0.027855555555555557,6910,2,0,0
2023-05-16 00:31:20.778000+00:00,User2,1116515,14396,0,0.011,61457654,55609,0,0.03048888888888889,6199,0,0,0
2023-05-16 00:31:21.248000+00:00,User1,1117659,14397,2,0.01,63171838,57538,4,0.019855555555555557,6979,2,0,0
2023-05-16 00:31:23.778000+00:00,User2,1128097,14546,0,0.012,62014957,56107,0,0.01937777777777778,6244,0,0,0
2023-05-16 00:31:24.258000+00:00,User1,1129508,14547,2,0.01,63734464,58064,4,0.007066666666666666,7068,2,0,0
2023-05-16 00:31:26.778000+00:00,User2,1139980,14695,0,0.009,62393088,56451,0,0.0239,6288,0,0,0
2023-05-16 00:31:27.248000+00:00,User1,1141579,14697,2,0.01,64337617,58628,4,0.015488888888888889,7158,2,0,0
2023-05-16 00:31:29.779000+00:00,User2,1151729,14846,0,0.009,63164330,57132,0,0.031933333333333334,6333,0,0,0
2023-05-16 00:31:30.259000+00:00,User1,1153093,14847,2,0.01,65098980,59326,4,0.017522222222222224,7248,2,0,0
2023-05-16 00:31:32.778000+00:00,User2,1163124,14995,0,0.01,63808042,57704,0,0.027411111111111112,6378,0,0,0
2023-05-16 00:31:33.255000+00:00,User1,1164658,14997,2,0.009,65846326,60007,4,0.015033333333333333,7338,2,0,0
2023-05-16 00:31:35.779000+00:00,User2,1174379,15145,0,0.01,64478044,58298,0,0.027966666666666667,6423,0,0,0
2023-05-16 00:31:36.253000+00:00,User1,1176075,15148,2,0.01,66598998,60697,4,0.016433333333333335,7428,2,0,0
2023-05-16 00:31:38.779000+00:00,User2,1186048,15295,0,0.009,65126023,58877,0,0.026933333333333333,6468,0,0,0
2023-05-16 00:31:39.262000+00:00,User1,1187786,15298,2,0.009,67358435,61391,4,0.015544444444444444,7518,2,0,0
2023-05-16 00:31:41.779000+00:00,User2,1197959,15445,0,0.011,65533272,59244,0,0.011222222222222222,6513,0,0,0
2023-05-16 00:31:42.334000+00:00,User1,1199849,15449,2,0.012,67809121,61826,4,0.010544444444444445,7607,2,0,0
2023-05-16 00:31:44.787000+00:00,User2,1209105,15588,0,0.014,66025253,59685,0,0.02931111111111111,6555,0,0,0
2023-05-16 00:31:45.292000+00:00,User1,1211552,15599,2,0.01,68599393,62551,4,0.0189,7698,2,0,0
2023-05-16 00:31:47.783000+00:00,User2,1220794,15738,0,0.008,66854927,60415,0,0.03281111111111111,6600,0,0,0
2023-05-16 00:31:48.293000+00:00,User1,1223155,15749,2,0.008,69330578,63222,4,0.015,7789,2,0,0
2023-05-16 00:31:50.783000+00:00,User2,1232096,15888,0,0.009,67494487,60985,0,0.028755555555555555,6645,0,0,0
2023-05-16 00:31:51.295000+00:00,User1,1234301,15900,2,0.01,70084604,63909,4,0.01681111111111111,7879,2,0,0
2023-05-16 00:31:53.785000+00:00,User2,1243780,16038,0,0.01,68167124,61580,0,0.028366666666666665,6690,0,0,0
2023-05-16 00:31:54.293000+00:00,User1,1245926,16049,2,0.008,70839384,64604,4,0.014822222222222223,7969,2,0,0
2023-05-16 00:31:56.786000+00:00,User2,1255675,16189,0,0.009,68843018,62178,0,0.029866666666666666,6736,0,0,0
2023-05-16 00:31:57.291000+00:00,User1,1257732,16200,2,0.009,71554637,65261,4,0.01218888888888889,8059,2,0,0
2023-05-16 00:31:59.786000+00:00,User2,1267731,16339,0,0.011,69115524,62432,0,0.018533333333333332,6779,0,0,0
2023-05-16 00:32:00.294000+00:00,User1,1269822,16350,2,0.012,71988774,65682,4,0.022811111111111112,8142,2,0,0
2023-05-16 00:32:02.795000+00:00,User2,1279085,16486,0,0.012,69809303,63049,0,0.03582222222222222,6824,0,0,0
2023-05-16 00:32:03.294000+00:00,User1,1281469,16500,2,0.011,72707884,66334,4,0.023911111111111112,8219,2,0,0
2023-05-16 00:32:05.805000+00:00,User2,1290643,16635,0,0.011,70506846,63668,0,0.03338888888888889,6868,0,0,0
2023-05-16 00:32:06.294000+00:00,User1,1292798,16648,2,0.011,73480924,67037,4,0.022377777777777778,8299,2,0,0
2023-05-16 00:32:08.801000+00:00,User2,1301793,16785,0,0.012,71163982,64252,0,0.0317,6911,0,0,0
2023-05-16 00:32:09.294000+00:00,User1,1304142,16799,2,0.009,74231199,67722,4,0.017244444444444444,8386,2,0,0
2023-05-16 00:32:11.797000+00:00,User2,1313382,16935,0,0.01,71822753,64836,0,0.028455555555555557,6956,0,0,0
2023-05-16 00:32:12.300000+00:00,User1,1315750,16949,2,0.008,75007548,68432,4,0.016022222222222222,8475,2,0,0
2023-05-16 00:32:14.800000+00:00,User2,1325004,17085,0,0.011,72378758,65332,0,0.020444444444444446,7000,0,0,0
2023-05-16 00:32:15.299000+00:00,User1,1327407,17099,2,0.009,75554530,68942,4,0.008077777777777777,8566,2,0,0
2023-05-16 00:32:17.801000+00:00,User2,1336859,17235,0,0.011,72760613,65682,0,0.022966666666666666,7045,0,0,0
2023-05-16 00:32:18.301000+00:00,User1,1339371,17248,2,0.009,76196608,69533,4,0.015822222222222224,8654,2,0,0
2023-05-16 00:32:20.799000+00:00,User2,1348467,17383,0,0.01,73522646,66357,0,0.033155555555555556,7090,0,0,0
2023-05-16 00:32:21.301000+00:00,User1,1350966,17399,2,0.01,76955136,70228,4,0.0152,8744,2,0,0
2023-05-16 00:32:23.799000+00:00,User2,1360101,17534,0,0.008,74165778,66928,0,0.027311111111111112,7135,0,0,0
2023-05-16 00:32:24.300000+00:00,User1,1362416,17549,2,0.01,77694424,70906,4,0.013211111111111111,8834,2,0,0
2023-05-16 00:32:26.800000+00:00,User2,1371476,17684,0,0.01,74833927,67518,0,0.027088888888888888,7180,0,0,0
2023-05-16 00:32:27.301000+00:00,User1,1373801,17699,2,0.009,78437835,71586,4,0.0174,8923,2,0,0
2023-05-16 00:32:29.799000+00:00,User2,1383283,17835,0,0.01,75505766,68113,0,0.0292,7225,0,0,0
2023-05-16 00:32:30.301000+00:00,User1,1385463,17849,2,0.013,79193600,72272,4,0.015733333333333332,9013,2,0,0
2023-05-16 00:32:32.800000+00:00,User2,1395306,17985,0,0.008,75879182,68450,0,0.017355555555555555,7270,0,0,0
2023-05-16 00:32:33.306000+00:00,User1,1397415,17999,2,0.012,79633863,72700,4,0.010288888888888889,9102,2,0,0
2023-05-16 00:32:35.799000+00:00,User2,1406893,18134,0,0.009,76644221,69136,0,0.0189,7339,0,0,0
2023-05-16 00:32:36.306000+00:00,User1,1409127,18149,2,0.013,80424143,73422,4,0.016833333333333332,9192,2,0,0
2023-05-16 00:32:38.799000+00:00,User2,1418644,18284,0,0.009,77329515,69769,0,0.012166666666666666,7429,0,0,0
2023-05-16 00:32:39.303000+00:00,User1,1420690,18299,2,0.009,81151805,74091,4,0.01448888888888889,9282,2,0,0
2023-05-16 00:32:41.799000+00:00,User2,1430154,18434,0,0.008,78016428,70399,0,0.0163,7519,0,0,0
2023-05-16 00:32:42.303000+00:00,User1,1431725,18449,2,0.01,81903267,74782,4,0.01631111111111111,9372,2,0,0
2023-05-16 00:32:44.800000+00:00,User2,1441920,18584,0,0.01,78768735,71089,0,0.01818888888888889,7609,0,0,0
2023-05-16 00:32:45.303000+00:00,User1,1443412,18599,2,0.01,82653440,75472,4,0.0146,9462,2,0,0
2023-05-16 00:32:47.800000+00:00,User2,1453811,18735,0,0.01,79492877,71744,0,0.01708888888888889,7696,0,0,0
2023-05-16 00:32:48.303000+00:00,User1,1455024,18748,2,0.009,83368476,76132,4,0.01241111111111111,9552,2,0,0
2023-05-16 00:32:50.799000+00:00,User2,1465820,18884,0,0.011,79933562,72171,0,0.014466666666666666,7785,0,0,0
2023-05-16 00:32:51.303000+00:00,User1,1467170,18899,2,0.011,83844121,76591,4,0.015655555555555555,9641,2,0,0
2023-05-16 00:32:53.799000+00:00,User2,1477390,19034,0,0.01,80735953,72903,0,0.01682222222222222,7875,0,0,0
2023-05-16 00:32:54.303000+00:00,User1,1478757,19049,2,0.01,84627858,77311,4,0.014877777777777778,9731,2,0,0
2023-05-16 00:32:56.802000+00:00,User2,1488986,19184,0,0.009,81465875,73570,0,0.016455555555555557,7965,0,0,0
2023-05-16 00:32:57.303000+00:00,User1,1490253,19199,2,0.01,85370402,77988,4,0.014477777777777777,9821,2,0,0
2023-05-16 00:32:59.800000+00:00,User2,1500171,19334,0,0.01,82204559,74244,0,0.017166666666666667,8053,0,0,0
2023-05-16 00:33:00.304000+00:00,User1,1501574,19349,2,0.011,86118816,78672,4,0.01767777777777778,9910,2,0,0
2023-05-16 00:33:02.803000+00:00,User2,1511107,19475,0,0.016,82820940,74809,0,0.036333333333333336,8120,0,0,0
2023-05-16 00:33:03.311000+00:00,User1,1512390,19489,2,0.01,86809963,79300,4,0.02097777777777778,9982,2,0,0
2023-05-16 00:33:05.801000+00:00,User2,1522764,19626,0,0.011,83581560,75508,0,0.011888888888888888,8209,0,0,0
2023-05-16 00:33:06.303000+00:00,User1,1524162,19638,2,0.009,87410996,79856,4,0.0099,10065,2,0,0
2023-05-16 00:33:08.801000+00:00,User2,1534488,19774,0,0.015,84132556,76022,0,0.016344444444444446,8297,0,0,0
2023-05-16 00:33:09.306000+00:00,User1,1536044,19789,2,0.009,88060716,80459,4,0.0166,10152,2,0,0
2023-05-16 00:33:11.800000+00:00,User2,1546232,19924,0,0.009,84892026,76721,0,0.01817777777777778,8386,0,0,0
2023-05-16 00:33:12.303000+00:00,User1,1547676,19939,2,0.01,88815314,81149,4,0.013733333333333334,10242,2,0,0
2023-05-16 00:33:14.805000+00:00,User2,1557846,20074,0,0.012,85639541,77402,0,0.016055555555555556,8476,0,0,0
2023-05-16 00:33:15.304000+00:00,User1,1559195,20088,2,0.009,89544072,81818,4,0.014966666666666666,10332,2,0,0
2023-05-16 00:33:17.806000+00:00,User2,1569251,20224,0,0.013,86394067,78089,0,0.017755555555555556,8566,0,0,0
2023-05-16 00:33:18.303000+00:00,User1,1570590,20238,2,0.014,90296730,82508,4,0.014677777777777777,10423,2,0,0
2023-05-16 00:33:20.807000+00:00,User2,1581095,20375,0,0.011,87147447,78780,0,0.017122222222222223,8656,0,0,0
2023-05-16 00:33:21.303000+00:00,User1,1582497,20390,2,0.013,91053652,83199,4,0.015677777777777777,10512,2,0,0
2023-05-16 00:33:23.806000+00:00,User2,1592926,20524,0,0.012,87645925,79258,0,0.007788888888888889,8746,0,0,0
2023-05-16 00:33:24.303000+00:00,User1,1594489,20538,2,0.013,91493124,83621,4,0.010033333333333333,10601,2,0,0
2023-05-16 00:33:26.808000+00:00,User2,1604618,20674,0,0.013,88357096,79904,0,0.01671111111111111,8835,0,0,0
2023-05-16 00:33:27.303000+00:00,User1,1606492,20689,2,0.01,92283631,84343,4,0.015577777777777777,10692,2,0,0
2023-05-16 00:33:29.811000+00:00,User2,1616110,20823,0,0.013,89111390,80595,0,0.015933333333333334,8924,0,0,0
2023-05-16 00:33:30.303000+00:00,User1,1618043,20838,2,0.01,93015332,85013,4,0.015255555555555555,10781,2,0,0
2023-05-16 00:35:41.826000+00:00,User2,2127932,27408,0,0.011,119690893,108707,0,0.017066666666666667,12805,0,0,0
2023-05-16 00:35:42.332000+00:00,User1,2130309,27433,2,0.014,123535439,113100,5,0.015177777777777778,14670,3,0,0
2023-05-16 00:35:44.823000+00:00,User2,2139760,27558,0,0.008,120455496,109408,0,0.019555555555555555,12894,0,0,0
2023-05-16 00:35:45.332000+00:00,User1,2141962,27584,2,0.012,124294820,113795,5,0.015833333333333335,14760,3,0,0
2023-05-16 00:35:47.823000+00:00,User2,2151092,27707,0,0.009,121159639,110051,0,0.022644444444444443,12976,0,0,0
2023-05-16 00:35:48.331000+00:00,User1,2153358,27734,2,0.011,125047200,114483,5,0.015822222222222224,14850,3,0,0
2023-05-16 00:35:50.824000+00:00,User2,2162446,27857,0,0.011,121957542,110776,0,0.017544444444444446,13066,0,0,0
2023-05-16 00:35:51.332000+00:00,User1,2164785,27884,2,0.01,125797111,115169,5,0.017266666666666666,14940,3,0,0
2023-05-16 00:35:53.822000+00:00,User2,2174030,28006,0,0.011,122689940,111448,0,0.015177777777777778,13156,0,0,0
2023-05-16 00:35:54.332000+00:00,User1,2176392,28033,2,0.012,126550771,115850,5,0.01508888888888889,15030,3,0,0
2023-05-16 00:35:56.823000+00:00,User2,2186109,28157,0,0.013,123180210,111917,0,0.008533333333333334,13246,0,0,0
2023-05-16 00:35:57.331000+00:00,User1,2188337,28183,2,0.01,126989922,116279,5,0.0077666666666666665,15119,3,0,0
2023-05-16 00:35:59.827000+00:00,User2,2198111,28307,0,0.011,123873116,112552,0,0.018877777777777778,13332,0,0,0
2023-05-16 00:36:00.336000+00:00,User1,2200313,28333,2,0.009,127779561,117000,5,0.0204,15209,3,0,0
2023-05-16 00:36:02.825000+00:00,User2,2209562,28456,0,0.012,124506497,113133,0,0.024966666666666668,13405,0,0,0
2023-05-16 00:36:03.335000+00:00,User1,2211958,28484,2,0.01,128346802,117520,5,0.03782222222222222,15278,3,0,0
2023-05-16 00:36:05.826000+00:00,User2,2220768,28606,0,0.009,125343274,113888,0,0.0204,13489,0,0,0
2023-05-16 00:36:06.333000+00:00,User1,2222822,28631,2,0.015,129217091,118305,5,0.025244444444444444,15361,3,0,0
2023-05-16 00:36:08.846000+00:00,User2,2232324,28755,0,0.013,126087966,114573,0,0.01441111111111111,13579,0,0,0
2023-05-16 00:36:09.332000+00:00,User1,2234505,28781,2,0.011,129930068,118961,5,0.01707777777777778,15450,3,0,0
2023-05-16 00:36:11.830000+00:00,User2,2244068,28905,0,0.016,126792556,115216,0,0.015744444444444443,13668,0,0,0
2023-05-16 00:36:12.333000+00:00,User1,2246185,28931,2,0.009,130620495,119597,5,0.012633333333333333,15540,3,0,0
2023-05-16 00:36:14.829000+00:00,User2,2255849,29055,0,0.014,127234372,115646,0,0.013788888888888889,13757,0,0,0
2023-05-16 00:36:15.334000+00:00,User1,2258081,29081,2,0.011,131094679,120050,5,0.017544444444444446,15628,3,0,0
2023-05-16 00:36:17.826000+00:00,User2,2267513,29206,0,0.011,128024336,116363,0,0.017511111111111113,13846,0,0,0
2023-05-16 00:36:18.333000+00:00,User1,2269819,29231,2,0.01,131881047,120769,5,0.015955555555555556,15717,3,0,0
2023-05-16 00:36:20.826000+00:00,User2,2279239,29356,0,0.013,128764091,117041,0,0.016155555555555555,13937,0,0,0
2023-05-16 00:36:21.333000+00:00,User1,2281503,29381,2,0.013,132633245,121454,5,0.014511111111111112,15807,3,0,0
2023-05-16 00:36:23.831000+00:00,User2,2290438,29505,0,0.014,129518732,117730,0,0.01633333333333333,14026,0,0,0
2023-05-16 00:36:24.334000+00:00,User1,2292897,29532,2,0.013,133374039,122131,5,0.016411111111111112,15896,3,0,0
2023-05-16 00:33:32.809000+00:00,User2,1627428,20974,0,0.012,89857317,81272,0,0.014922222222222222,9015,0,0,0
2023-05-16 00:33:33.312000+00:00,User1,1629199,20989,2,0.009,93768192,85701,4,0.0154,10872,2,0,0
2023-05-16 00:33:35.810000+00:00,User2,1639038,21124,0,0.011,90596176,81948,0,0.019066666666666666,9103,0,0,0
2023-05-16 00:33:36.306000+00:00,User1,1640904,21139,2,0.009,94520814,86389,4,0.014577777777777778,10962,2,0,0
2023-05-16 00:33:38.810000+00:00,User2,1650788,21274,0,0.01,91364014,82646,0,0.018144444444444446,9193,0,0,0
2023-05-16 00:33:39.306000+00:00,User1,1652552,21288,2,0.011,95238068,87041,4,0.0118,11052,2,0,0
2023-05-16 00:33:41.811000+00:00,User2,1662457,21423,0,0.009,91815255,83082,0,0.016511111111111112,9282,0,0,0
2023-05-16 00:33:42.309000+00:00,User1,1664915,21439,2,0.012,95717407,87497,4,0.0133,11141,2,0,0
2023-05-16 00:33:44.813000+00:00,User2,1674141,21574,0,0.01,92585213,83786,0,0.021633333333333334,9370,0,0,0
2023-05-16 00:33:45.306000+00:00,User1,1676612,21589,2,0.013,96497569,88212,4,0.014822222222222223,11231,2,0,0
2023-05-16 00:33:47.810000+00:00,User2,1685894,21724,0,0.009,93346698,84485,0,0.01721111111111111,9460,0,0,0
2023-05-16 00:33:48.306000+00:00,User1,1688185,21739,2,0.012,97242546,88888,4,0.015377777777777778,11321,2,0,0
2023-05-16 00:33:50.810000+00:00,User2,1697106,21873,0,0.009,94096960,85169,0,0.015755555555555554,9550,0,0,0
2023-05-16 00:33:51.306000+00:00,User1,1699502,21889,2,0.008,97994733,89579,4,0.014866666666666667,11411,2,0,0
2023-05-16 00:33:53.810000+00:00,User2,1708937,22025,0,0.01,94845211,85851,0,0.016044444444444445,9640,0,0,0
2023-05-16 00:33:54.313000+00:00,User1,1711081,22039,2,0.007,98749752,90273,4,0.015188888888888889,11501,2,0,0
2023-05-16 00:33:56.811000+00:00,User2,1720551,22175,0,0.009,95484477,86438,0,0.00811111111111111,9730,0,0,0
2023-05-16 00:33:57.307000+00:00,User1,1722972,22189,2,0.008,99317000,90804,4,0.006844444444444445,11591,2,0,0
2023-05-16 00:33:59.811000+00:00,User2,1732524,22325,0,0.008,96063058,86976,0,0.014644444444444444,9819,0,0,0
2023-05-16 00:34:00.307000+00:00,User1,1735158,22339,2,0.009,99962420,91402,4,0.015755555555555554,11680,2,0,0
2023-05-16 00:34:02.814000+00:00,User2,1743640,22466,0,0.011,96675272,87535,0,0.03288888888888889,9887,0,0,0
2023-05-16 00:34:03.306000+00:00,User1,1746758,22489,2,0.01,100660917,92033,5,0.021944444444444444,11747,3,0,0
2023-05-16 00:34:05.813000+00:00,User2,1755264,22615,0,0.013,97545771,88323,0,0.019766666666666665,9973,0,0,0
2023-05-16 00:34:06.313000+00:00,User1,1758219,22638,2,0.01,101410154,92721,5,0.01721111111111111,11832,3,0,0
2023-05-16 00:34:08.812000+00:00,User2,1766826,22766,0,0.014,98234860,88954,0,0.014944444444444444,10063,0,0,0
2023-05-16 00:34:09.310000+00:00,User1,1769549,22788,2,0.008,102142977,93393,5,0.015,11922,3,0,0
2023-05-16 00:34:11.815000+00:00,User2,1778643,22916,0,0.013,98964733,89625,0,0.014655555555555555,10153,0,0,0
2023-05-16 00:34:12.309000+00:00,User1,1781270,22938,2,0.008,102893171,94075,5,0.014577777777777778,12012,3,0,0
2023-05-16 00:34:14.815000+00:00,User2,1790714,23066,0,0.012,99466285,90101,0,0.010122222222222222,10243,0,0,0
2023-05-16 00:34:15.311000+00:00,User1,1793170,23087,2,0.01,103302603,94473,5,0.013333333333333334,12098,3,0,0
2023-05-16 00:34:17.814000+00:00,User2,1802425,23216,0,0.014,100190189,90766,0,0.0163,10332,0,0,0
2023-05-16 00:34:18.310000+00:00,User1,1804807,23235,2,0.009,104114797,95205,5,0.020888888888888887,12175,3,0,0
2023-05-16 00:34:20.814000+00:00,User2,1813951,23366,0,0.013,100935089,91449,0,0.014477777777777777,10422,0,0,0
2023-05-16 00:34:21.310000+00:00,User1,1816319,23384,2,0.009,104797916,95835,5,0.015444444444444445,12265,3,0,0
2023-05-16 00:34:23.818000+00:00,User2,1825167,23516,0,0.012,101684927,92132,0,0.014966666666666666,10512,0,0,0
2023-05-16 00:34:24.310000+00:00,User1,1827404,23534,2,0.009,105498866,96482,5,0.013477777777777778,12355,3,0,0
2023-05-16 00:34:26.814000+00:00,User2,1836763,23666,0,0.011,102438585,92825,0,0.015155555555555556,10602,0,0,0
2023-05-16 00:34:27.311000+00:00,User1,1839128,23684,2,0.009,106253957,97174,5,0.016,12445,3,0,0
2023-05-16 00:34:29.814000+00:00,User2,1848522,23816,0,0.009,103187582,93506,0,0.01601111111111111,10692,0,0,0
2023-05-16 00:34:30.310000+00:00,User1,1850899,23835,2,0.009,106967123,97831,5,0.01428888888888889,12535,3,0,0
2023-05-16 00:34:32.815000+00:00,User2,1860509,23966,0,0.009,103624375,93931,0,0.015233333333333333,10779,0,0,0
2023-05-16 00:34:33.310000+00:00,User1,1862964,23984,2,0.01,107451897,98290,5,0.014566666666666667,12624,3,0,0
2023-05-16 00:34:35.815000+00:00,User2,1872082,24116,0,0.011,104426161,94663,0,0.0186,10869,0,0,0
2023-05-16 00:34:36.314000+00:00,User1,1874604,24134,2,0.008,108229079,99001,5,0.01508888888888889,12714,3,0,0
2023-05-16 00:34:38.816000+00:00,User2,1883695,24266,0,0.015,105135693,95314,0,0.018944444444444444,10957,0,0,0
2023-05-16 00:34:39.310000+00:00,User1,1886142,24284,2,0.008,108975572,99683,5,0.015811111111111113,12804,3,0,0
2023-05-16 00:34:41.816000+00:00,User2,1894896,24416,0,0.012,105910859,96023,0,0.016344444444444446,11048,0,0,0
2023-05-16 00:34:42.313000+00:00,User1,1897467,24434,2,0.011,109727844,100369,5,0.015666666666666666,12895,3,0,0
2023-05-16 00:34:44.815000+00:00,User2,1906389,24565,0,0.01,106660828,96706,0,0.018122222222222224,11136,0,0,0
2023-05-16 00:34:45.313000+00:00,User1,1909157,24585,2,0.01,110480516,101060,5,0.015622222222222221,12984,3,0,0
2023-05-16 00:34:47.816000+00:00,User2,1918091,24716,0,0.012,107275767,97277,0,0.010388888888888888,11223,0,0,0
2023-05-16 00:34:48.314000+00:00,User1,1920977,24735,2,0.009,111049313,101593,5,0.008522222222222223,13074,3,0,0
2023-05-16 00:34:50.816000+00:00,User2,1930188,24866,0,0.012,107859924,97822,0,0.0184,11312,0,0,0
2023-05-16 00:34:51.315000+00:00,User1,1932989,24885,2,0.008,111689534,102188,5,0.01571111111111111,13163,3,0,0
2023-05-16 00:34:53.815000+00:00,User2,1941884,25016,0,0.01,108621785,98518,0,0.015755555555555554,11403,0,0,0
2023-05-16 00:34:54.315000+00:00,User1,1944550,25035,2,0.009,112449321,102885,5,0.01361111111111111,13254,3,0,0
2023-05-16 00:34:56.816000+00:00,User2,1953313,25166,0,0.012,109338643,99174,0,0.01817777777777778,11490,0,0,0
2023-05-16 00:34:57.320000+00:00,User1,1956033,25185,2,0.009,113199622,103570,5,0.014988888888888888,13343,3,0,0
2023-05-16 00:34:59.816000+00:00,User2,1964486,25315,0,0.01,110102700,99870,0,0.017133333333333334,11579,0,0,0
2023-05-16 00:35:00.346000+00:00,User1,1967410,25334,2,0.009,113950948,104260,5,0.015055555555555556,13433,3,0,0
2023-05-16 00:35:02.818000+00:00,User2,1975667,25458,0,0.013,110700178,100417,0,0.03878888888888889,11645,0,0,0
2023-05-16 00:35:03.322000+00:00,User1,1979213,25486,2,0.01,114698385,104939,5,0.020833333333333332,13522,3,0,0
2023-05-16 00:35:05.817000+00:00,User2,1987503,25607,0,0.013,111315476,100995,0,0.009944444444444445,11734,0,0,0
2023-05-16 00:35:06.327000+00:00,User1,1991142,25635,2,0.01,115058060,105296,5,0.015355555555555556,13599,3,0,0
2023-05-16 00:35:08.823000+00:00,User2,1999469,25757,0,0.009,111996314,101618,0,0.01758888888888889,11822,0,0,0
2023-05-16 00:35:09.332000+00:00,User1,2002776,25785,2,0.011,115841636,106009,5,0.021355555555555555,13681,3,0,0
2023-05-16 00:35:11.817000+00:00,User2,2010971,25907,0,0.01,112747481,102309,0,0.017011111111111112,11913,0,0,0
2023-05-16 00:35:12.328000+00:00,User1,2014260,25934,2,0.012,116628036,106727,5,0.016766666666666666,13772,3,0,0
2023-05-16 00:35:14.818000+00:00,User2,2022149,26057,0,0.01,113500814,102993,0,0.014933333333333333,12002,0,0,0
2023-05-16 00:35:15.329000+00:00,User1,2025386,26085,2,0.014,117363472,107399,5,0.018933333333333333,13862,3,0,0
2023-05-16 00:35:17.819000+00:00,User2,2033932,26208,0,0.008,114259116,103689,0,0.01588888888888889,12093,0,0,0
2023-05-16 00:35:18.330000+00:00,User1,2037076,26235,2,0.012,118096602,108075,5,0.014644444444444444,13952,3,0,0
2023-05-16 00:35:20.820000+00:00,User2,2045529,26357,0,0.009,115006375,104371,0,0.017177777777777778,12183,0,0,0
2023-05-16 00:35:21.330000+00:00,User1,2048744,26384,2,0.013,118814341,108737,5,0.013344444444444445,14042,3,0,0
2023-05-16 00:35:23.819000+00:00,User2,2057640,26508,0,0.015,115473050,104819,0,0.017455555555555554,12271,0,0,0
2023-05-16 00:35:24.331000+00:00,User1,2060789,26535,2,0.013,119293704,109201,5,0.015055555555555556,14131,3,0,0
2023-05-16 00:35:26.824000+00:00,User2,2069406,26657,0,0.011,116234078,105524,0,0.01671111111111111,12361,0,0,0
2023-05-16 00:35:27.330000+00:00,User1,2072336,26684,2,0.013,120078762,109918,5,0.0155,14221,3,0,0
2023-05-16 00:35:29.825000+00:00,User2,2081093,26808,0,0.013,116956748,106185,0,0.019666666666666666,12450,0,0,0
2023-05-16 00:35:30.330000+00:00,User1,2083860,26833,2,0.014,120820125,110596,5,0.016966666666666668,14311,3,0,0
2023-05-16 00:35:32.820000+00:00,User2,2092227,26957,0,0.013,117712887,106874,0,0.01633333333333333,12538,0,0,0
2023-05-16 00:35:33.332000+00:00,User1,2095178,26984,2,0.013,121568265,111282,5,0.016444444444444446,14400,3,0,0
2023-05-16 00:35:35.821000+00:00,User2,2103930,27108,0,0.012,118472468,107571,0,0.016766666666666666,12626,0,0,0
2023-05-16 00:35:36.332000+00:00,User1,2106877,27135,2,0.013,122326225,111973,5,0.015133333333333334,14491,3,0,0
2023-05-16 00:35:38.821000+00:00,User2,2115612,27258,0,0.014,119125894,108175,0,0.008644444444444444,12716,0,0,0
2023-05-16 00:35:39.332000+00:00,User1,2118565,27284,2,0.013,122887949,112500,5,0.010422222222222222,14581,3,0,0
